{
  "metadata": {
    "timestamp_utc": "2025-08-08T14:08:29Z",
    "batch_size_eval": 32,
    "experiment_prefix": "BM25_eval",
    "retrieval_top_k": 5,
    "bm25": {
      "type": "bm25",
      "use_stopwords": true,
      "use_stemming": true,
      "k1": 1.5,
      "b": 0.75,
      "corpus": {
        "num_chunks": 801,
        "min_len": 4,
        "max_len": 2687,
        "avg_len": 91.82521847690387
      }
    },
    "dataset": "singlehop"
  },
  "metrics": {
    "num_queries": 508,
    "avg_precision@k": 0.13031496062992123,
    "avg_recall@k": 0.6515748031496063,
    "avg_mrr": 0.4356955380577428,
    "avg_ndcg@k": 0.489835991424666,
    "avg_ap@k": 0.4356955380577428,
    "avg_retrieval_time": 0.001340171850678753
  }
}