{
  "num_queries": 508,
  "avg_precision@k": 0.13031496062992123,
  "avg_recall@k": 0.6515748031496063,
  "avg_mrr": 0.4356955380577428,
  "avg_ndcg@k": 0.489835991424666,
  "avg_ap@k": 0.4356955380577428,
  "avg_retrieval_time": 0.0013223096453786394
}