{
  "num_queries": 908,
  "avg_precision@k": 0.16563876651982376,
  "avg_recall@k": 0.5309287812041115,
  "avg_mrr": 0.5123898678414097,
  "avg_ndcg@k": 0.5713438955167932,
  "avg_ap@k": 0.35503089818893785,
  "avg_retrieval_time": 0.0019673450445060903
}