{
  "num_queries": 908,
  "avg_precision@k": 0.1473568281938326,
  "avg_recall@k": 0.5078010279001468,
  "avg_mrr": 0.48217694566813507,
  "avg_ndcg@k": 0.5370010521075371,
  "avg_ap@k": 0.34982256485560453,
  "avg_retrieval_time": 0.23446326817158664
}