{
  "num_queries": 908,
  "avg_precision@k": 0.16101321585903083,
  "avg_recall@k": 0.5398311306901615,
  "avg_mrr": 0.5117107195301028,
  "avg_ndcg@k": 0.5707761065493656,
  "avg_ap@k": 0.3621527777777778,
  "avg_retrieval_time": 0.23611872907487433
}