{
  "num_queries": 508,
  "avg_precision@k": 0.13937007874015747,
  "avg_recall@k": 0.6968503937007874,
  "avg_mrr": 0.4649278215223097,
  "avg_ndcg@k": 0.5232178491522183,
  "avg_ap@k": 0.4649278215223097,
  "avg_retrieval_time": 0.3239221990158448
}