{
  "num_queries": 533,
  "avg_precision@k": 0.09268292682926829,
  "avg_recall@k": 0.4634146341463415,
  "avg_mrr": 0.29227642276422766,
  "avg_retrieval_time": 10.357325195147888,
  "latency_p95": 25.29984536170959,
  "latency_max": 30.43369436264038
}