{
  "num_queries": 533,
  "avg_precision@k": 0.10469043151969981,
  "avg_recall@k": 0.5234521575984991,
  "avg_mrr": 0.3222951844903064,
  "avg_retrieval_time": 0.11303786175783312,
  "total_input_tokens": 1066
}