{
  "num_queries": 463,
  "avg_precision@k": 0.13174946004319651,
  "avg_recall@k": 0.6587473002159827,
  "avg_mrr": 0.44661627069834414,
  "avg_retrieval_time": 0.18918046735017913,
  "total_input_tokens": 926
}