{
  "num_queries": 372,
  "avg_precision@k": 0.13010752688172042,
  "avg_recall@k": 0.6505376344086021,
  "avg_mrr": 0.4543458781362007,
  "avg_retrieval_time": 0.2490991469352476,
  "total_input_tokens": 744
}