{
  "num_queries": 92,
  "avg_precision@k": 0.12391304347826085,
  "avg_recall@k": 0.6195652173913043,
  "avg_mrr": 0.41358695652173916,
  "avg_retrieval_time": 0.1532098806422689,
  "total_input_tokens": 184
}